scenario,policy,energy_kwh_total_mean,dropped_total_mean,reward_total_mean,delta_energy_vs_heuristic,delta_dropped_vs_heuristic,delta_reward_vs_heuristic,delta_energy_vs_all_on,delta_dropped_vs_all_on,delta_reward_vs_all_on
normal,all_on,0.0006666666666666,104.1985294117647,-38.821387115444494,2.7777777777799944e-05,-0.8014705882353041,-4.898094322180015,0.0,0.0,0.0
normal,heuristic,0.0006388888888888,105.0,-33.92329279326448,0.0,0.0,0.0,-2.7777777777799944e-05,0.8014705882353041,4.898094322180015
normal,ppo,0.0006388888888888,104.1985294117647,-38.82999822655561,0.0,-0.8014705882353041,-4.90670543329113,-2.7777777777799944e-05,0.0,-0.008611111111115122
