{
  "calibration": {
    "brier_cal": 0.2221394181251526,
    "brier_uncal": 0.23342300951480865,
    "temperature": 0.4322168231010437,
    "val_rows": 52513
  },
  "dataset_path": "artifacts/cost_estimator/ds_graph.npz",
  "overall_metrics": {
    "ddrop_mae": 0.0011983966687694192,
    "denergy_mae": 0.0006555533036589622,
    "qos_auc": 0.5799078693430262,
    "qos_brier": 0.2221394181251526,
    "qos_positive_rate": 0.05031135147487289
  },
  "scenario_metrics": {
    "all": {
      "ddrop_mae": 0.0011983966687694192,
      "denergy_mae": 0.0006555533036589622,
      "qos_auc": 0.5799078693430262,
      "qos_brier": 0.2221394181251526,
      "qos_positive_rate": 0.05031135147487289,
      "rows": 52513
    }
  },
  "split": {
    "mode": "random",
    "train_rows": 297578,
    "val_frac": 0.15,
    "val_rows": 52513
  }
}