scenario,forecaster,series_count,points,horizon_steps,mae,rmse,mape_pct,mape_points,mean_actual_demand,mean_predicted_demand,baseline_mae,baseline_rmse,baseline_mape_pct,mae_improvement_pct_vs_baseline,rmse_improvement_pct_vs_baseline,mape_improvement_pct_vs_baseline
all,adaptive_ema,5,4455,3,42.854600118778365,63.68276645978802,106.25875322379011,4446,78.8455667789001,78.47532464832143,44.34834278520215,66.22763190886964,105.6248026213435,3.3682040243501645,3.842603722541972,-0.6001910410372701
all,ema,5,4455,3,44.34834278520215,66.22763190886964,105.6248026213435,4446,78.8455667789001,78.70261479658276,44.34834278520215,66.22763190886964,105.6248026213435,0.0,0.0,0.0
burst,adaptive_ema,5,1485,3,60.15055643008139,86.79145967233632,98.65429135218335,1485,113.97171717171717,113.51588521871048,61.44637615734771,89.57515397737528,95.72049189934052,2.108862732519934,3.107663432810915,-3.0649648728592114
burst,ema,5,1485,3,61.44637615734771,89.57515397737528,95.72049189934052,1485,113.97171717171717,113.8298215556165,61.44637615734771,89.57515397737528,95.72049189934052,0.0,0.0,0.0
hotspot,adaptive_ema,5,1485,3,36.029084372004796,51.58991459778089,111.81234548732246,1477,63.77845117845118,63.34808054336081,37.484209132718654,53.88774019505828,111.99082290582744,3.881967352070209,4.264097156347462,0.15936789629188053
hotspot,ema,5,1485,3,37.484209132718654,53.88774019505828,111.99082290582744,1477,63.77845117845118,63.55286320502202,37.484209132718654,53.88774019505828,111.99082290582744,0.0,0.0,0.0
normal,adaptive_ema,5,1485,3,32.384159554248924,44.409542574255376,108.34094332223935,1484,58.78653198653198,58.56200818289302,34.11444306554009,47.23029675292751,109.19979552025967,5.071996948526966,5.972340579243325,0.7864961595655863
normal,ema,5,1485,3,34.11444306554009,47.23029675292751,109.19979552025967,1484,58.78653198653198,58.725159629109754,34.11444306554009,47.23029675292751,109.19979552025967,0.0,0.0,0.0
