checkpoint,deterministic,ent_coef,episodes,info_mean_TimeLimit.truncated,info_mean_action_int,info_mean_action_is_invalid,info_mean_action_is_noop,info_mean_reward_drop,info_mean_reward_energy,info_mean_reward_toggle,info_mean_toggle_applied,info_mean_toggle_reverted,info_mean_total_reward,mean_ep_len,mean_reward,run,seed_base,std_reward,total_timesteps
runs/20260114_174855/ppo_greennet.zip,False,0.03,30,0.0010000000000000002,0.0010333333333333334,0.0,0.9999,-0.0008816463007448648,-0.0006654907407407438,-1.0000000000000002e-06,0.0001,0.0,-0.0015481370414855975,1000.0,-1.548137038333031,20260114_174855,123,0.04119271809269095,200000
runs/20260113_171845_cont/ppo_greennet.zip,False,None,30,0.0010000000000000002,0.0017000000000000001,0.0,0.9999,-0.0032777418066490603,-0.006656240740740839,-5.000000000000001e-07,0.0001,0.0,-0.009934482547389782,1000.0,-9.934482624273127,20260113_171845_cont,123,0.12630216968732771,None
runs/20260113_171845/ppo_greennet.zip,False,0.05,30,0.0010000000000000002,1.228433333333333,0.0,0.8764666666666667,-0.004139661586122966,-0.006288685185185234,-0.000557333333333331,0.0994,0.024133333333333333,-0.010985680104641503,1000.0,-10.98568012493973,20260113_171845,123,1.074698713548919,200000
runs/20260113_150900/ppo_greennet.zip,False,0.01,30,0.0010000000000000002,0.001,0.0,0.9999333333333333,-0.04042107875423308,-0.0006659361111111146,-6.666666666666667e-07,6.666666666666667e-05,0.0,-0.04108768153201115,1000.0,-41.08768153014243,20260113_150900,123,1.7381959608526385,200000
