checkpoint,deterministic,ent_coef,episodes,info_mean_TimeLimit.truncated,info_mean_action_int,info_mean_action_is_invalid,info_mean_action_is_noop,info_mean_reward_drop,info_mean_reward_energy,info_mean_reward_toggle,info_mean_toggle_applied,info_mean_toggle_reverted,info_mean_total_reward,mean_ep_len,mean_reward,run,seed_base,std_reward,total_timesteps
runs/20260113_171845_cont/ppo_greennet.zip,True,None,30,0.0010000000000000002,0.0,0.0,1.0,-0.003244476051578594,-0.006666666666666767,0.0,0.0,0.0,-0.009911142718245234,1000.0,-9.911142801959068,20260113_171845_cont,123,0.12683756034720117,None
runs/20260113_171845/ppo_greennet.zip,True,0.05,30,0.0010000000000000002,0.0,0.0,1.0,-0.003253844761049582,-0.006666666666666767,0.0,0.0,0.0,-0.009920511427716218,1000.0,-9.920511509416004,20260113_171845,123,0.13565957876843165,200000
runs/20260113_150900/ppo_greennet.zip,True,0.01,30,0.0010000000000000002,0.0,0.0,1.0,-0.04031051035875818,-0.0006666666666666707,0.0,0.0,0.0,-0.040977177025425165,1000.0,-40.97717702269244,20260113_150900,123,1.758267454768609,200000
